{
	"players": [
		{
			"name": "Kirat Boli",
			"handedness": "Left",
			"nature" : "Batsman",
			"probability": {
				"dot": 5,
				"one": 30,
				"two": 25,
				"three": 10,
				"four": 15,
				"five": 1,
				"six": 9,
				"wicket": 5
			}
		},
		{
			"name": "N.S. Nodhi",
			"handedness": "Right",
			"nature" : "Batsman",
			"probability": {
				"dot": 10,
				"one": 40,
				"two": 20,
				"three": 5,
				"four": 10,
				"five": 1,
				"six": 4,
				"wicket": 10
			}
		},
		{
			"name": "R Bumrah",
			"handedness": "Right",
			"nature" : "All-Rounder",
			"probability": {
				"dot": 20,
				"one": 30,
				"two": 15,
				"three": 5,
				"four": 5,
				"five": 1,
				"six": 4,
				"wicket": 20
			}
		},
		{
			"name": "Shashi Herna",
			"handedness": "Right",
			"nature" : "Bowler",
			"probability": {
				"dot": 30,
				"one": 25,
				"two": 5,
				"three": 0,
				"four": 5,
				"five": 1,
				"six": 4,
				"wicket": 30
			}
		}
	]
}